Rollno,Name,Quiz1,Max Score1,Quiz2,Max Score2,HW1,MaxScoreHW1,HW2,MaxScoreHW2,Test1,Test2,Quiz Score,Homework Score,Exam Score,Final Score
101,Ajay,8,10,12,15,0.0,15,9.0,10,23,0.0,0.24,0.108,0.18400000000000002,0.532
102,Rita,9,10,13,15,12.0,15,0.0,10,22,22.0,0.264,0.144,0.35200000000000004,0.76
103,Shalmali,10,10,14,15,12.0,15,9.0,10,21,21.0,0.288,0.252,0.336,0.8760000000000001
